date,port,fuel_type,bunker_price_usd_ton
2024-01-01,Singapore,VLSFO (0.5% S),605.7
2024-01-01,Singapore,MGO (Low Sulphur),814.3
2024-01-01,Fujairah,VLSFO (0.5% S),610.7
2024-01-01,Fujairah,MGO (Low Sulphur),820.3
2024-01-01,Visakhapatnam,VLSFO (0.5% S),620.7
2024-01-01,Visakhapatnam,MGO (Low Sulphur),832.3
2024-01-08,Singapore,VLSFO (0.5% S),609.8
2024-01-08,Singapore,MGO (Low Sulphur),820.5
2024-01-08,Fujairah,VLSFO (0.5% S),614.8
2024-01-08,Fujairah,MGO (Low Sulphur),826.5
2024-01-08,Visakhapatnam,VLSFO (0.5% S),624.8
2024-01-08,Visakhapatnam,MGO (Low Sulphur),838.5
2024-01-15,Singapore,VLSFO (0.5% S),614.9
2024-01-15,Singapore,MGO (Low Sulphur),823.9
2024-01-15,Fujairah,VLSFO (0.5% S),619.9
2024-01-15,Fujairah,MGO (Low Sulphur),829.9
2024-01-15,Visakhapatnam,VLSFO (0.5% S),629.9
2024-01-15,Visakhapatnam,MGO (Low Sulphur),841.9
2024-01-22,Singapore,VLSFO (0.5% S),620.6
2024-01-22,Singapore,MGO (Low Sulphur),826.2
2024-01-22,Fujairah,VLSFO (0.5% S),625.6
2024-01-22,Fujairah,MGO (Low Sulphur),832.2
2024-01-22,Visakhapatnam,VLSFO (0.5% S),635.6
2024-01-22,Visakhapatnam,MGO (Low Sulphur),844.2
2024-01-29,Singapore,VLSFO (0.5% S),620.3
2024-01-29,Singapore,MGO (Low Sulphur),825.2
2024-01-29,Fujairah,VLSFO (0.5% S),625.3
2024-01-29,Fujairah,MGO (Low Sulphur),831.2
2024-01-29,Visakhapatnam,VLSFO (0.5% S),635.3
2024-01-29,Visakhapatnam,MGO (Low Sulphur),843.2
2024-02-05,Singapore,VLSFO (0.5% S),624.5
2024-02-05,Singapore,MGO (Low Sulphur),823.6
2024-02-05,Fujairah,VLSFO (0.5% S),629.5
2024-02-05,Fujairah,MGO (Low Sulphur),829.6
2024-02-05,Visakhapatnam,VLSFO (0.5% S),639.5
2024-02-05,Visakhapatnam,MGO (Low Sulphur),841.6
2024-02-12,Singapore,VLSFO (0.5% S),621.3
2024-02-12,Singapore,MGO (Low Sulphur),822.6
2024-02-12,Fujairah,VLSFO (0.5% S),626.3
2024-02-12,Fujairah,MGO (Low Sulphur),828.6
2024-02-12,Visakhapatnam,VLSFO (0.5% S),636.3
2024-02-12,Visakhapatnam,MGO (Low Sulphur),840.6
2024-02-19,Singapore,VLSFO (0.5% S),615.4
2024-02-19,Singapore,MGO (Low Sulphur),822.8
2024-02-19,Fujairah,VLSFO (0.5% S),620.4
2024-02-19,Fujairah,MGO (Low Sulphur),828.8
2024-02-19,Visakhapatnam,VLSFO (0.5% S),630.4
2024-02-19,Visakhapatnam,MGO (Low Sulphur),840.8
2024-02-26,Singapore,VLSFO (0.5% S),618.6
2024-02-26,Singapore,MGO (Low Sulphur),826.5
2024-02-26,Fujairah,VLSFO (0.5% S),623.6
2024-02-26,Fujairah,MGO (Low Sulphur),832.5
2024-02-26,Visakhapatnam,VLSFO (0.5% S),633.6
2024-02-26,Visakhapatnam,MGO (Low Sulphur),844.5
2024-03-04,Singapore,VLSFO (0.5% S),615.9
2024-03-04,Singapore,MGO (Low Sulphur),833.8
2024-03-04,Fujairah,VLSFO (0.5% S),620.9
2024-03-04,Fujairah,MGO (Low Sulphur),839.8
2024-03-04,Visakhapatnam,VLSFO (0.5% S),630.9
2024-03-04,Visakhapatnam,MGO (Low Sulphur),851.8
2024-03-11,Singapore,VLSFO (0.5% S),617.1
2024-03-11,Singapore,MGO (Low Sulphur),826.4
2024-03-11,Fujairah,VLSFO (0.5% S),622.1
2024-03-11,Fujairah,MGO (Low Sulphur),832.4
2024-03-11,Visakhapatnam,VLSFO (0.5% S),632.1
2024-03-11,Visakhapatnam,MGO (Low Sulphur),844.4
2024-03-18,Singapore,VLSFO (0.5% S),611.6
2024-03-18,Singapore,MGO (Low Sulphur),826.4
2024-03-18,Fujairah,VLSFO (0.5% S),616.6
2024-03-18,Fujairah,MGO (Low Sulphur),832.4
2024-03-18,Visakhapatnam,VLSFO (0.5% S),626.6
2024-03-18,Visakhapatnam,MGO (Low Sulphur),844.4
2024-03-25,Singapore,VLSFO (0.5% S),610.2
2024-03-25,Singapore,MGO (Low Sulphur),827.9
2024-03-25,Fujairah,VLSFO (0.5% S),615.2
2024-03-25,Fujairah,MGO (Low Sulphur),833.9
2024-03-25,Visakhapatnam,VLSFO (0.5% S),625.2
2024-03-25,Visakhapatnam,MGO (Low Sulphur),845.9
2024-04-01,Singapore,VLSFO (0.5% S),616.2
2024-04-01,Singapore,MGO (Low Sulphur),821.2
2024-04-01,Fujairah,VLSFO (0.5% S),621.2
2024-04-01,Fujairah,MGO (Low Sulphur),827.2
2024-04-01,Visakhapatnam,VLSFO (0.5% S),631.2
2024-04-01,Visakhapatnam,MGO (Low Sulphur),839.2
2024-04-08,Singapore,VLSFO (0.5% S),619.4
2024-04-08,Singapore,MGO (Low Sulphur),821.9
2024-04-08,Fujairah,VLSFO (0.5% S),624.4
2024-04-08,Fujairah,MGO (Low Sulphur),827.9
2024-04-08,Visakhapatnam,VLSFO (0.5% S),634.4
2024-04-08,Visakhapatnam,MGO (Low Sulphur),839.9
2024-04-15,Singapore,VLSFO (0.5% S),624.1
2024-04-15,Singapore,MGO (Low Sulphur),826.3
2024-04-15,Fujairah,VLSFO (0.5% S),629.1
2024-04-15,Fujairah,MGO (Low Sulphur),832.3
2024-04-15,Visakhapatnam,VLSFO (0.5% S),639.1
2024-04-15,Visakhapatnam,MGO (Low Sulphur),844.3
2024-04-22,Singapore,VLSFO (0.5% S),621.6
2024-04-22,Singapore,MGO (Low Sulphur),826.8
2024-04-22,Fujairah,VLSFO (0.5% S),626.6
2024-04-22,Fujairah,MGO (Low Sulphur),832.8
2024-04-22,Visakhapatnam,VLSFO (0.5% S),636.6
2024-04-22,Visakhapatnam,MGO (Low Sulphur),844.8
2024-04-29,Singapore,VLSFO (0.5% S),622.1
2024-04-29,Singapore,MGO (Low Sulphur),828.9
2024-04-29,Fujairah,VLSFO (0.5% S),627.1
2024-04-29,Fujairah,MGO (Low Sulphur),834.9
2024-04-29,Visakhapatnam,VLSFO (0.5% S),637.1
2024-04-29,Visakhapatnam,MGO (Low Sulphur),846.9
2024-05-06,Singapore,VLSFO (0.5% S),619.2
2024-05-06,Singapore,MGO (Low Sulphur),831.3
2024-05-06,Fujairah,VLSFO (0.5% S),624.2
2024-05-06,Fujairah,MGO (Low Sulphur),837.3
2024-05-06,Visakhapatnam,VLSFO (0.5% S),634.2
2024-05-06,Visakhapatnam,MGO (Low Sulphur),849.3
2024-05-13,Singapore,VLSFO (0.5% S),621.5
2024-05-13,Singapore,MGO (Low Sulphur),834.4
2024-05-13,Fujairah,VLSFO (0.5% S),626.5
2024-05-13,Fujairah,MGO (Low Sulphur),840.4
2024-05-13,Visakhapatnam,VLSFO (0.5% S),636.5
2024-05-13,Visakhapatnam,MGO (Low Sulphur),852.4
2024-05-20,Singapore,VLSFO (0.5% S),624.0
2024-05-20,Singapore,MGO (Low Sulphur),835.3
2024-05-20,Fujairah,VLSFO (0.5% S),629.0
2024-05-20,Fujairah,MGO (Low Sulphur),841.3
2024-05-20,Visakhapatnam,VLSFO (0.5% S),639.0
2024-05-20,Visakhapatnam,MGO (Low Sulphur),853.3
2024-05-27,Singapore,VLSFO (0.5% S),625.3
2024-05-27,Singapore,MGO (Low Sulphur),837.4
2024-05-27,Fujairah,VLSFO (0.5% S),630.3
2024-05-27,Fujairah,MGO (Low Sulphur),843.4
2024-05-27,Visakhapatnam,VLSFO (0.5% S),640.3
2024-05-27,Visakhapatnam,MGO (Low Sulphur),855.4
2024-06-03,Singapore,VLSFO (0.5% S),630.6
2024-06-03,Singapore,MGO (Low Sulphur),838.2
2024-06-03,Fujairah,VLSFO (0.5% S),635.6
2024-06-03,Fujairah,MGO (Low Sulphur),844.2
2024-06-03,Visakhapatnam,VLSFO (0.5% S),645.6
2024-06-03,Visakhapatnam,MGO (Low Sulphur),856.2
2024-06-10,Singapore,VLSFO (0.5% S),624.7
2024-06-10,Singapore,MGO (Low Sulphur),837.7
2024-06-10,Fujairah,VLSFO (0.5% S),629.7
2024-06-10,Fujairah,MGO (Low Sulphur),843.7
2024-06-10,Visakhapatnam,VLSFO (0.5% S),639.7
2024-06-10,Visakhapatnam,MGO (Low Sulphur),855.7
2024-06-17,Singapore,VLSFO (0.5% S),630.0
2024-06-17,Singapore,MGO (Low Sulphur),839.2
2024-06-17,Fujairah,VLSFO (0.5% S),635.0
2024-06-17,Fujairah,MGO (Low Sulphur),845.2
2024-06-17,Visakhapatnam,VLSFO (0.5% S),645.0
2024-06-17,Visakhapatnam,MGO (Low Sulphur),857.2
2024-06-24,Singapore,VLSFO (0.5% S),628.2
2024-06-24,Singapore,MGO (Low Sulphur),837.0
2024-06-24,Fujairah,VLSFO (0.5% S),633.2
2024-06-24,Fujairah,MGO (Low Sulphur),843.0
2024-06-24,Visakhapatnam,VLSFO (0.5% S),643.2
2024-06-24,Visakhapatnam,MGO (Low Sulphur),855.0
2024-07-01,Singapore,VLSFO (0.5% S),634.4
2024-07-01,Singapore,MGO (Low Sulphur),833.8
2024-07-01,Fujairah,VLSFO (0.5% S),639.4
2024-07-01,Fujairah,MGO (Low Sulphur),839.8
2024-07-01,Visakhapatnam,VLSFO (0.5% S),649.4
2024-07-01,Visakhapatnam,MGO (Low Sulphur),851.8
2024-07-08,Singapore,VLSFO (0.5% S),630.5
2024-07-08,Singapore,MGO (Low Sulphur),837.3
2024-07-08,Fujairah,VLSFO (0.5% S),635.5
2024-07-08,Fujairah,MGO (Low Sulphur),843.3
2024-07-08,Visakhapatnam,VLSFO (0.5% S),645.5
2024-07-08,Visakhapatnam,MGO (Low Sulphur),855.3
2024-07-15,Singapore,VLSFO (0.5% S),632.0
2024-07-15,Singapore,MGO (Low Sulphur),834.3
2024-07-15,Fujairah,VLSFO (0.5% S),637.0
2024-07-15,Fujairah,MGO (Low Sulphur),840.3
2024-07-15,Visakhapatnam,VLSFO (0.5% S),647.0
2024-07-15,Visakhapatnam,MGO (Low Sulphur),852.3
2024-07-22,Singapore,VLSFO (0.5% S),635.8
2024-07-22,Singapore,MGO (Low Sulphur),830.6
2024-07-22,Fujairah,VLSFO (0.5% S),640.8
2024-07-22,Fujairah,MGO (Low Sulphur),836.6
2024-07-22,Visakhapatnam,VLSFO (0.5% S),650.8
2024-07-22,Visakhapatnam,MGO (Low Sulphur),848.6
2024-07-29,Singapore,VLSFO (0.5% S),637.7
2024-07-29,Singapore,MGO (Low Sulphur),832.2
2024-07-29,Fujairah,VLSFO (0.5% S),642.7
2024-07-29,Fujairah,MGO (Low Sulphur),838.2
2024-07-29,Visakhapatnam,VLSFO (0.5% S),652.7
2024-07-29,Visakhapatnam,MGO (Low Sulphur),850.2
2024-08-05,Singapore,VLSFO (0.5% S),638.8
2024-08-05,Singapore,MGO (Low Sulphur),835.0
2024-08-05,Fujairah,VLSFO (0.5% S),643.8
2024-08-05,Fujairah,MGO (Low Sulphur),841.0
2024-08-05,Visakhapatnam,VLSFO (0.5% S),653.8
2024-08-05,Visakhapatnam,MGO (Low Sulphur),853.0
2024-08-12,Singapore,VLSFO (0.5% S),636.5
2024-08-12,Singapore,MGO (Low Sulphur),839.2
2024-08-12,Fujairah,VLSFO (0.5% S),641.5
2024-08-12,Fujairah,MGO (Low Sulphur),845.2
2024-08-12,Visakhapatnam,VLSFO (0.5% S),651.5
2024-08-12,Visakhapatnam,MGO (Low Sulphur),857.2
2024-08-19,Singapore,VLSFO (0.5% S),630.8
2024-08-19,Singapore,MGO (Low Sulphur),839.2
2024-08-19,Fujairah,VLSFO (0.5% S),635.8
2024-08-19,Fujairah,MGO (Low Sulphur),845.2
2024-08-19,Visakhapatnam,VLSFO (0.5% S),645.8
2024-08-19,Visakhapatnam,MGO (Low Sulphur),857.2
2024-08-26,Singapore,VLSFO (0.5% S),626.4
2024-08-26,Singapore,MGO (Low Sulphur),832.4
2024-08-26,Fujairah,VLSFO (0.5% S),631.4
2024-08-26,Fujairah,MGO (Low Sulphur),838.4
2024-08-26,Visakhapatnam,VLSFO (0.5% S),641.4
2024-08-26,Visakhapatnam,MGO (Low Sulphur),850.4
2024-09-02,Singapore,VLSFO (0.5% S),630.2
2024-09-02,Singapore,MGO (Low Sulphur),828.6
2024-09-02,Fujairah,VLSFO (0.5% S),635.2
2024-09-02,Fujairah,MGO (Low Sulphur),834.6
2024-09-02,Visakhapatnam,VLSFO (0.5% S),645.2
2024-09-02,Visakhapatnam,MGO (Low Sulphur),846.6
2024-09-09,Singapore,VLSFO (0.5% S),631.9
2024-09-09,Singapore,MGO (Low Sulphur),825.1
2024-09-09,Fujairah,VLSFO (0.5% S),636.9
2024-09-09,Fujairah,MGO (Low Sulphur),831.1
2024-09-09,Visakhapatnam,VLSFO (0.5% S),646.9
2024-09-09,Visakhapatnam,MGO (Low Sulphur),843.1
2024-09-16,Singapore,VLSFO (0.5% S),629.1
2024-09-16,Singapore,MGO (Low Sulphur),829.4
2024-09-16,Fujairah,VLSFO (0.5% S),634.1
2024-09-16,Fujairah,MGO (Low Sulphur),835.4
2024-09-16,Visakhapatnam,VLSFO (0.5% S),644.1
2024-09-16,Visakhapatnam,MGO (Low Sulphur),847.4
2024-09-23,Singapore,VLSFO (0.5% S),630.6
2024-09-23,Singapore,MGO (Low Sulphur),836.4
2024-09-23,Fujairah,VLSFO (0.5% S),635.6
2024-09-23,Fujairah,MGO (Low Sulphur),842.4
2024-09-23,Visakhapatnam,VLSFO (0.5% S),645.6
2024-09-23,Visakhapatnam,MGO (Low Sulphur),854.4
2024-09-30,Singapore,VLSFO (0.5% S),633.9
2024-09-30,Singapore,MGO (Low Sulphur),839.3
2024-09-30,Fujairah,VLSFO (0.5% S),638.9
2024-09-30,Fujairah,MGO (Low Sulphur),845.3
2024-09-30,Visakhapatnam,VLSFO (0.5% S),648.9
2024-09-30,Visakhapatnam,MGO (Low Sulphur),857.3
2024-10-07,Singapore,VLSFO (0.5% S),632.5
2024-10-07,Singapore,MGO (Low Sulphur),834.1
2024-10-07,Fujairah,VLSFO (0.5% S),637.5
2024-10-07,Fujairah,MGO (Low Sulphur),840.1
2024-10-07,Visakhapatnam,VLSFO (0.5% S),647.5
2024-10-07,Visakhapatnam,MGO (Low Sulphur),852.1
2024-10-14,Singapore,VLSFO (0.5% S),636.3
2024-10-14,Singapore,MGO (Low Sulphur),830.0
2024-10-14,Fujairah,VLSFO (0.5% S),641.3
2024-10-14,Fujairah,MGO (Low Sulphur),836.0
2024-10-14,Visakhapatnam,VLSFO (0.5% S),651.3
2024-10-14,Visakhapatnam,MGO (Low Sulphur),848.0
2024-10-21,Singapore,VLSFO (0.5% S),632.5
2024-10-21,Singapore,MGO (Low Sulphur),830.7
2024-10-21,Fujairah,VLSFO (0.5% S),637.5
2024-10-21,Fujairah,MGO (Low Sulphur),836.7
2024-10-21,Visakhapatnam,VLSFO (0.5% S),647.5
2024-10-21,Visakhapatnam,MGO (Low Sulphur),848.7
2024-10-28,Singapore,VLSFO (0.5% S),627.0
2024-10-28,Singapore,MGO (Low Sulphur),839.0
2024-10-28,Fujairah,VLSFO (0.5% S),632.0
2024-10-28,Fujairah,MGO (Low Sulphur),845.0
2024-10-28,Visakhapatnam,VLSFO (0.5% S),642.0
2024-10-28,Visakhapatnam,MGO (Low Sulphur),857.0
2024-11-04,Singapore,VLSFO (0.5% S),633.0
2024-11-04,Singapore,MGO (Low Sulphur),840.8
2024-11-04,Fujairah,VLSFO (0.5% S),638.0
2024-11-04,Fujairah,MGO (Low Sulphur),846.8
2024-11-04,Visakhapatnam,VLSFO (0.5% S),648.0
2024-11-04,Visakhapatnam,MGO (Low Sulphur),858.8
2024-11-11,Singapore,VLSFO (0.5% S),637.3
2024-11-11,Singapore,MGO (Low Sulphur),846.6
2024-11-11,Fujairah,VLSFO (0.5% S),642.3
2024-11-11,Fujairah,MGO (Low Sulphur),852.6
2024-11-11,Visakhapatnam,VLSFO (0.5% S),652.3
2024-11-11,Visakhapatnam,MGO (Low Sulphur),864.6
2024-11-18,Singapore,VLSFO (0.5% S),640.7
2024-11-18,Singapore,MGO (Low Sulphur),845.4
2024-11-18,Fujairah,VLSFO (0.5% S),645.7
2024-11-18,Fujairah,MGO (Low Sulphur),851.4
2024-11-18,Visakhapatnam,VLSFO (0.5% S),655.7
2024-11-18,Visakhapatnam,MGO (Low Sulphur),863.4
2024-11-25,Singapore,VLSFO (0.5% S),639.5
2024-11-25,Singapore,MGO (Low Sulphur),848.3
2024-11-25,Fujairah,VLSFO (0.5% S),644.5
2024-11-25,Fujairah,MGO (Low Sulphur),854.3
2024-11-25,Visakhapatnam,VLSFO (0.5% S),654.5
2024-11-25,Visakhapatnam,MGO (Low Sulphur),866.3
2024-12-02,Singapore,VLSFO (0.5% S),642.6
2024-12-02,Singapore,MGO (Low Sulphur),843.1
2024-12-02,Fujairah,VLSFO (0.5% S),647.6
2024-12-02,Fujairah,MGO (Low Sulphur),849.1
2024-12-02,Visakhapatnam,VLSFO (0.5% S),657.6
2024-12-02,Visakhapatnam,MGO (Low Sulphur),861.1
2024-12-09,Singapore,VLSFO (0.5% S),643.8
2024-12-09,Singapore,MGO (Low Sulphur),849.0
2024-12-09,Fujairah,VLSFO (0.5% S),648.8
2024-12-09,Fujairah,MGO (Low Sulphur),855.0
2024-12-09,Visakhapatnam,VLSFO (0.5% S),658.8
2024-12-09,Visakhapatnam,MGO (Low Sulphur),867.0
2024-12-16,Singapore,VLSFO (0.5% S),638.5
2024-12-16,Singapore,MGO (Low Sulphur),845.4
2024-12-16,Fujairah,VLSFO (0.5% S),643.5
2024-12-16,Fujairah,MGO (Low Sulphur),851.4
2024-12-16,Visakhapatnam,VLSFO (0.5% S),653.5
2024-12-16,Visakhapatnam,MGO (Low Sulphur),863.4
2024-12-23,Singapore,VLSFO (0.5% S),642.7
2024-12-23,Singapore,MGO (Low Sulphur),838.2
2024-12-23,Fujairah,VLSFO (0.5% S),647.7
2024-12-23,Fujairah,MGO (Low Sulphur),844.2
2024-12-23,Visakhapatnam,VLSFO (0.5% S),657.7
2024-12-23,Visakhapatnam,MGO (Low Sulphur),856.2
2024-12-30,Singapore,VLSFO (0.5% S),642.5
2024-12-30,Singapore,MGO (Low Sulphur),838.1
2024-12-30,Fujairah,VLSFO (0.5% S),647.5
2024-12-30,Fujairah,MGO (Low Sulphur),844.1
2024-12-30,Visakhapatnam,VLSFO (0.5% S),657.5
2024-12-30,Visakhapatnam,MGO (Low Sulphur),856.1
2025-01-06,Singapore,VLSFO (0.5% S),642.5
2025-01-06,Singapore,MGO (Low Sulphur),845.7
2025-01-06,Fujairah,VLSFO (0.5% S),647.5
2025-01-06,Fujairah,MGO (Low Sulphur),851.7
2025-01-06,Visakhapatnam,VLSFO (0.5% S),657.5
2025-01-06,Visakhapatnam,MGO (Low Sulphur),863.7
2025-01-13,Singapore,VLSFO (0.5% S),648.0
2025-01-13,Singapore,MGO (Low Sulphur),841.6
2025-01-13,Fujairah,VLSFO (0.5% S),653.0
2025-01-13,Fujairah,MGO (Low Sulphur),847.6
2025-01-13,Visakhapatnam,VLSFO (0.5% S),663.0
2025-01-13,Visakhapatnam,MGO (Low Sulphur),859.6
2025-01-20,Singapore,VLSFO (0.5% S),650.6
2025-01-20,Singapore,MGO (Low Sulphur),840.0
2025-01-20,Fujairah,VLSFO (0.5% S),655.6
2025-01-20,Fujairah,MGO (Low Sulphur),846.0
2025-01-20,Visakhapatnam,VLSFO (0.5% S),665.6
2025-01-20,Visakhapatnam,MGO (Low Sulphur),858.0
2025-01-27,Singapore,VLSFO (0.5% S),647.8
2025-01-27,Singapore,MGO (Low Sulphur),840.8
2025-01-27,Fujairah,VLSFO (0.5% S),652.8
2025-01-27,Fujairah,MGO (Low Sulphur),846.8
2025-01-27,Visakhapatnam,VLSFO (0.5% S),662.8
2025-01-27,Visakhapatnam,MGO (Low Sulphur),858.8
2025-02-03,Singapore,VLSFO (0.5% S),647.3
2025-02-03,Singapore,MGO (Low Sulphur),837.5
2025-02-03,Fujairah,VLSFO (0.5% S),652.3
2025-02-03,Fujairah,MGO (Low Sulphur),843.5
2025-02-03,Visakhapatnam,VLSFO (0.5% S),662.3
2025-02-03,Visakhapatnam,MGO (Low Sulphur),855.5
2025-02-10,Singapore,VLSFO (0.5% S),651.2
2025-02-10,Singapore,MGO (Low Sulphur),835.8
2025-02-10,Fujairah,VLSFO (0.5% S),656.2
2025-02-10,Fujairah,MGO (Low Sulphur),841.8
2025-02-10,Visakhapatnam,VLSFO (0.5% S),666.2
2025-02-10,Visakhapatnam,MGO (Low Sulphur),853.8
2025-02-17,Singapore,VLSFO (0.5% S),649.2
2025-02-17,Singapore,MGO (Low Sulphur),836.6
2025-02-17,Fujairah,VLSFO (0.5% S),654.2
2025-02-17,Fujairah,MGO (Low Sulphur),842.6
2025-02-17,Visakhapatnam,VLSFO (0.5% S),664.2
2025-02-17,Visakhapatnam,MGO (Low Sulphur),854.6
2025-02-24,Singapore,VLSFO (0.5% S),655.1
2025-02-24,Singapore,MGO (Low Sulphur),830.2
2025-02-24,Fujairah,VLSFO (0.5% S),660.1
2025-02-24,Fujairah,MGO (Low Sulphur),836.2
2025-02-24,Visakhapatnam,VLSFO (0.5% S),670.1
2025-02-24,Visakhapatnam,MGO (Low Sulphur),848.2
2025-03-03,Singapore,VLSFO (0.5% S),655.8
2025-03-03,Singapore,MGO (Low Sulphur),828.0
2025-03-03,Fujairah,VLSFO (0.5% S),660.8
2025-03-03,Fujairah,MGO (Low Sulphur),834.0
2025-03-03,Visakhapatnam,VLSFO (0.5% S),670.8
2025-03-03,Visakhapatnam,MGO (Low Sulphur),846.0
2025-03-10,Singapore,VLSFO (0.5% S),660.3
2025-03-10,Singapore,MGO (Low Sulphur),830.1
2025-03-10,Fujairah,VLSFO (0.5% S),665.3
2025-03-10,Fujairah,MGO (Low Sulphur),836.1
2025-03-10,Visakhapatnam,VLSFO (0.5% S),675.3
2025-03-10,Visakhapatnam,MGO (Low Sulphur),848.1
2025-03-17,Singapore,VLSFO (0.5% S),662.5
2025-03-17,Singapore,MGO (Low Sulphur),826.6
2025-03-17,Fujairah,VLSFO (0.5% S),667.5
2025-03-17,Fujairah,MGO (Low Sulphur),832.6
2025-03-17,Visakhapatnam,VLSFO (0.5% S),677.5
2025-03-17,Visakhapatnam,MGO (Low Sulphur),844.6
2025-03-24,Singapore,VLSFO (0.5% S),659.9
2025-03-24,Singapore,MGO (Low Sulphur),831.8
2025-03-24,Fujairah,VLSFO (0.5% S),664.9
2025-03-24,Fujairah,MGO (Low Sulphur),837.8
2025-03-24,Visakhapatnam,VLSFO (0.5% S),674.9
2025-03-24,Visakhapatnam,MGO (Low Sulphur),849.8
2025-03-31,Singapore,VLSFO (0.5% S),657.1
2025-03-31,Singapore,MGO (Low Sulphur),833.5
2025-03-31,Fujairah,VLSFO (0.5% S),662.1
2025-03-31,Fujairah,MGO (Low Sulphur),839.5
2025-03-31,Visakhapatnam,VLSFO (0.5% S),672.1
2025-03-31,Visakhapatnam,MGO (Low Sulphur),851.5
2025-04-07,Singapore,VLSFO (0.5% S),656.8
2025-04-07,Singapore,MGO (Low Sulphur),836.6
2025-04-07,Fujairah,VLSFO (0.5% S),661.8
2025-04-07,Fujairah,MGO (Low Sulphur),842.6
2025-04-07,Visakhapatnam,VLSFO (0.5% S),671.8
2025-04-07,Visakhapatnam,MGO (Low Sulphur),854.6
2025-04-14,Singapore,VLSFO (0.5% S),653.8
2025-04-14,Singapore,MGO (Low Sulphur),839.7
2025-04-14,Fujairah,VLSFO (0.5% S),658.8
2025-04-14,Fujairah,MGO (Low Sulphur),845.7
2025-04-14,Visakhapatnam,VLSFO (0.5% S),668.8
2025-04-14,Visakhapatnam,MGO (Low Sulphur),857.7
2025-04-21,Singapore,VLSFO (0.5% S),657.5
2025-04-21,Singapore,MGO (Low Sulphur),840.3
2025-04-21,Fujairah,VLSFO (0.5% S),662.5
2025-04-21,Fujairah,MGO (Low Sulphur),846.3
2025-04-21,Visakhapatnam,VLSFO (0.5% S),672.5
2025-04-21,Visakhapatnam,MGO (Low Sulphur),858.3
2025-04-28,Singapore,VLSFO (0.5% S),659.9
2025-04-28,Singapore,MGO (Low Sulphur),848.7
2025-04-28,Fujairah,VLSFO (0.5% S),664.9
2025-04-28,Fujairah,MGO (Low Sulphur),854.7
2025-04-28,Visakhapatnam,VLSFO (0.5% S),674.9
2025-04-28,Visakhapatnam,MGO (Low Sulphur),866.7
2025-05-05,Singapore,VLSFO (0.5% S),657.9
2025-05-05,Singapore,MGO (Low Sulphur),840.9
2025-05-05,Fujairah,VLSFO (0.5% S),662.9
2025-05-05,Fujairah,MGO (Low Sulphur),846.9
2025-05-05,Visakhapatnam,VLSFO (0.5% S),672.9
2025-05-05,Visakhapatnam,MGO (Low Sulphur),858.9
2025-05-12,Singapore,VLSFO (0.5% S),652.0
2025-05-12,Singapore,MGO (Low Sulphur),834.0
2025-05-12,Fujairah,VLSFO (0.5% S),657.0
2025-05-12,Fujairah,MGO (Low Sulphur),840.0
2025-05-12,Visakhapatnam,VLSFO (0.5% S),667.0
2025-05-12,Visakhapatnam,MGO (Low Sulphur),852.0
2025-05-19,Singapore,VLSFO (0.5% S),651.1
2025-05-19,Singapore,MGO (Low Sulphur),834.6
2025-05-19,Fujairah,VLSFO (0.5% S),656.1
2025-05-19,Fujairah,MGO (Low Sulphur),840.6
2025-05-19,Visakhapatnam,VLSFO (0.5% S),666.1
2025-05-19,Visakhapatnam,MGO (Low Sulphur),852.6
2025-05-26,Singapore,VLSFO (0.5% S),653.7
2025-05-26,Singapore,MGO (Low Sulphur),832.4
2025-05-26,Fujairah,VLSFO (0.5% S),658.7
2025-05-26,Fujairah,MGO (Low Sulphur),838.4
2025-05-26,Visakhapatnam,VLSFO (0.5% S),668.7
2025-05-26,Visakhapatnam,MGO (Low Sulphur),850.4
2025-06-02,Singapore,VLSFO (0.5% S),656.7
2025-06-02,Singapore,MGO (Low Sulphur),828.6
2025-06-02,Fujairah,VLSFO (0.5% S),661.7
2025-06-02,Fujairah,MGO (Low Sulphur),834.6
2025-06-02,Visakhapatnam,VLSFO (0.5% S),671.7
2025-06-02,Visakhapatnam,MGO (Low Sulphur),846.6
2025-06-09,Singapore,VLSFO (0.5% S),651.2
2025-06-09,Singapore,MGO (Low Sulphur),830.8
2025-06-09,Fujairah,VLSFO (0.5% S),656.2
2025-06-09,Fujairah,MGO (Low Sulphur),836.8
2025-06-09,Visakhapatnam,VLSFO (0.5% S),666.2
2025-06-09,Visakhapatnam,MGO (Low Sulphur),848.8
2025-06-16,Singapore,VLSFO (0.5% S),645.9
2025-06-16,Singapore,MGO (Low Sulphur),832.6
2025-06-16,Fujairah,VLSFO (0.5% S),650.9
2025-06-16,Fujairah,MGO (Low Sulphur),838.6
2025-06-16,Visakhapatnam,VLSFO (0.5% S),660.9
2025-06-16,Visakhapatnam,MGO (Low Sulphur),850.6
2025-06-23,Singapore,VLSFO (0.5% S),651.1
2025-06-23,Singapore,MGO (Low Sulphur),828.2
2025-06-23,Fujairah,VLSFO (0.5% S),656.1
2025-06-23,Fujairah,MGO (Low Sulphur),834.2
2025-06-23,Visakhapatnam,VLSFO (0.5% S),666.1
2025-06-23,Visakhapatnam,MGO (Low Sulphur),846.2
2025-06-30,Singapore,VLSFO (0.5% S),652.5
2025-06-30,Singapore,MGO (Low Sulphur),822.2
2025-06-30,Fujairah,VLSFO (0.5% S),657.5
2025-06-30,Fujairah,MGO (Low Sulphur),828.2
2025-06-30,Visakhapatnam,VLSFO (0.5% S),667.5
2025-06-30,Visakhapatnam,MGO (Low Sulphur),840.2
2025-07-07,Singapore,VLSFO (0.5% S),658.5
2025-07-07,Singapore,MGO (Low Sulphur),815.6
2025-07-07,Fujairah,VLSFO (0.5% S),663.5
2025-07-07,Fujairah,MGO (Low Sulphur),821.6
2025-07-07,Visakhapatnam,VLSFO (0.5% S),673.5
2025-07-07,Visakhapatnam,MGO (Low Sulphur),833.6
2025-07-14,Singapore,VLSFO (0.5% S),660.1
2025-07-14,Singapore,MGO (Low Sulphur),813.8
2025-07-14,Fujairah,VLSFO (0.5% S),665.1
2025-07-14,Fujairah,MGO (Low Sulphur),819.8
2025-07-14,Visakhapatnam,VLSFO (0.5% S),675.1
2025-07-14,Visakhapatnam,MGO (Low Sulphur),831.8
2025-07-21,Singapore,VLSFO (0.5% S),663.6
2025-07-21,Singapore,MGO (Low Sulphur),816.5
2025-07-21,Fujairah,VLSFO (0.5% S),668.6
2025-07-21,Fujairah,MGO (Low Sulphur),822.5
2025-07-21,Visakhapatnam,VLSFO (0.5% S),678.6
2025-07-21,Visakhapatnam,MGO (Low Sulphur),834.5
2025-07-28,Singapore,VLSFO (0.5% S),667.7
2025-07-28,Singapore,MGO (Low Sulphur),811.6
2025-07-28,Fujairah,VLSFO (0.5% S),672.7
2025-07-28,Fujairah,MGO (Low Sulphur),817.6
2025-07-28,Visakhapatnam,VLSFO (0.5% S),682.7
2025-07-28,Visakhapatnam,MGO (Low Sulphur),829.6
2025-08-04,Singapore,VLSFO (0.5% S),663.1
2025-08-04,Singapore,MGO (Low Sulphur),806.6
2025-08-04,Fujairah,VLSFO (0.5% S),668.1
2025-08-04,Fujairah,MGO (Low Sulphur),812.6
2025-08-04,Visakhapatnam,VLSFO (0.5% S),678.1
2025-08-04,Visakhapatnam,MGO (Low Sulphur),824.6
2025-08-11,Singapore,VLSFO (0.5% S),660.7
2025-08-11,Singapore,MGO (Low Sulphur),809.5
2025-08-11,Fujairah,VLSFO (0.5% S),665.7
2025-08-11,Fujairah,MGO (Low Sulphur),815.5
2025-08-11,Visakhapatnam,VLSFO (0.5% S),675.7
2025-08-11,Visakhapatnam,MGO (Low Sulphur),827.5
2025-08-18,Singapore,VLSFO (0.5% S),655.7
2025-08-18,Singapore,MGO (Low Sulphur),809.0
2025-08-18,Fujairah,VLSFO (0.5% S),660.7
2025-08-18,Fujairah,MGO (Low Sulphur),815.0
2025-08-18,Visakhapatnam,VLSFO (0.5% S),670.7
2025-08-18,Visakhapatnam,MGO (Low Sulphur),827.0
2025-08-25,Singapore,VLSFO (0.5% S),662.1
2025-08-25,Singapore,MGO (Low Sulphur),813.7
2025-08-25,Fujairah,VLSFO (0.5% S),667.1
2025-08-25,Fujairah,MGO (Low Sulphur),819.7
2025-08-25,Visakhapatnam,VLSFO (0.5% S),677.1
2025-08-25,Visakhapatnam,MGO (Low Sulphur),831.7
2025-09-01,Singapore,VLSFO (0.5% S),664.8
2025-09-01,Singapore,MGO (Low Sulphur),816.7
2025-09-01,Fujairah,VLSFO (0.5% S),669.8
2025-09-01,Fujairah,MGO (Low Sulphur),822.7
2025-09-01,Visakhapatnam,VLSFO (0.5% S),679.8
2025-09-01,Visakhapatnam,MGO (Low Sulphur),834.7
2025-09-08,Singapore,VLSFO (0.5% S),668.4
2025-09-08,Singapore,MGO (Low Sulphur),813.0
2025-09-08,Fujairah,VLSFO (0.5% S),673.4
2025-09-08,Fujairah,MGO (Low Sulphur),819.0
2025-09-08,Visakhapatnam,VLSFO (0.5% S),683.4
2025-09-08,Visakhapatnam,MGO (Low Sulphur),831.0
2025-09-15,Singapore,VLSFO (0.5% S),672.2
2025-09-15,Singapore,MGO (Low Sulphur),809.5
2025-09-15,Fujairah,VLSFO (0.5% S),677.2
2025-09-15,Fujairah,MGO (Low Sulphur),815.5
2025-09-15,Visakhapatnam,VLSFO (0.5% S),687.2
2025-09-15,Visakhapatnam,MGO (Low Sulphur),827.5
2025-09-22,Singapore,VLSFO (0.5% S),666.9
2025-09-22,Singapore,MGO (Low Sulphur),807.9
2025-09-22,Fujairah,VLSFO (0.5% S),671.9
2025-09-22,Fujairah,MGO (Low Sulphur),813.9
2025-09-22,Visakhapatnam,VLSFO (0.5% S),681.9
2025-09-22,Visakhapatnam,MGO (Low Sulphur),825.9
2025-09-29,Singapore,VLSFO (0.5% S),673.4
2025-09-29,Singapore,MGO (Low Sulphur),804.2
2025-09-29,Fujairah,VLSFO (0.5% S),678.4
2025-09-29,Fujairah,MGO (Low Sulphur),810.2
2025-09-29,Visakhapatnam,VLSFO (0.5% S),688.4
2025-09-29,Visakhapatnam,MGO (Low Sulphur),822.2
2025-10-06,Singapore,VLSFO (0.5% S),677.5
2025-10-06,Singapore,MGO (Low Sulphur),799.1
2025-10-06,Fujairah,VLSFO (0.5% S),682.5
2025-10-06,Fujairah,MGO (Low Sulphur),805.1
2025-10-06,Visakhapatnam,VLSFO (0.5% S),692.5
2025-10-06,Visakhapatnam,MGO (Low Sulphur),817.1
2025-10-13,Singapore,VLSFO (0.5% S),672.4
2025-10-13,Singapore,MGO (Low Sulphur),807.3
2025-10-13,Fujairah,VLSFO (0.5% S),677.4
2025-10-13,Fujairah,MGO (Low Sulphur),813.3
2025-10-13,Visakhapatnam,VLSFO (0.5% S),687.4
2025-10-13,Visakhapatnam,MGO (Low Sulphur),825.3
2025-10-20,Singapore,VLSFO (0.5% S),668.9
2025-10-20,Singapore,MGO (Low Sulphur),805.8
2025-10-20,Fujairah,VLSFO (0.5% S),673.9
2025-10-20,Fujairah,MGO (Low Sulphur),811.8
2025-10-20,Visakhapatnam,VLSFO (0.5% S),683.9
2025-10-20,Visakhapatnam,MGO (Low Sulphur),823.8
2025-10-27,Singapore,VLSFO (0.5% S),671.0
2025-10-27,Singapore,MGO (Low Sulphur),799.6
2025-10-27,Fujairah,VLSFO (0.5% S),676.0
2025-10-27,Fujairah,MGO (Low Sulphur),805.6
2025-10-27,Visakhapatnam,VLSFO (0.5% S),686.0
2025-10-27,Visakhapatnam,MGO (Low Sulphur),817.6
2025-11-03,Singapore,VLSFO (0.5% S),671.8
2025-11-03,Singapore,MGO (Low Sulphur),798.7
2025-11-03,Fujairah,VLSFO (0.5% S),676.8
2025-11-03,Fujairah,MGO (Low Sulphur),804.7
2025-11-03,Visakhapatnam,VLSFO (0.5% S),686.8
2025-11-03,Visakhapatnam,MGO (Low Sulphur),816.7
2025-11-10,Singapore,VLSFO (0.5% S),673.4
2025-11-10,Singapore,MGO (Low Sulphur),792.4
2025-11-10,Fujairah,VLSFO (0.5% S),678.4
2025-11-10,Fujairah,MGO (Low Sulphur),798.4
2025-11-10,Visakhapatnam,VLSFO (0.5% S),688.4
2025-11-10,Visakhapatnam,MGO (Low Sulphur),810.4
2025-11-17,Singapore,VLSFO (0.5% S),672.9
2025-11-17,Singapore,MGO (Low Sulphur),788.7
2025-11-17,Fujairah,VLSFO (0.5% S),677.9
2025-11-17,Fujairah,MGO (Low Sulphur),794.7
2025-11-17,Visakhapatnam,VLSFO (0.5% S),687.9
2025-11-17,Visakhapatnam,MGO (Low Sulphur),806.7
2025-11-24,Singapore,VLSFO (0.5% S),667.4
2025-11-24,Singapore,MGO (Low Sulphur),781.9
2025-11-24,Fujairah,VLSFO (0.5% S),672.4
2025-11-24,Fujairah,MGO (Low Sulphur),787.9
2025-11-24,Visakhapatnam,VLSFO (0.5% S),682.4
2025-11-24,Visakhapatnam,MGO (Low Sulphur),799.9
2025-12-01,Singapore,VLSFO (0.5% S),670.5
2025-12-01,Singapore,MGO (Low Sulphur),786.7
2025-12-01,Fujairah,VLSFO (0.5% S),675.5
2025-12-01,Fujairah,MGO (Low Sulphur),792.7
2025-12-01,Visakhapatnam,VLSFO (0.5% S),685.5
2025-12-01,Visakhapatnam,MGO (Low Sulphur),804.7
2025-12-08,Singapore,VLSFO (0.5% S),664.7
2025-12-08,Singapore,MGO (Low Sulphur),786.9
2025-12-08,Fujairah,VLSFO (0.5% S),669.7
2025-12-08,Fujairah,MGO (Low Sulphur),792.9
2025-12-08,Visakhapatnam,VLSFO (0.5% S),679.7
2025-12-08,Visakhapatnam,MGO (Low Sulphur),804.9
2025-12-15,Singapore,VLSFO (0.5% S),666.9
2025-12-15,Singapore,MGO (Low Sulphur),778.9
2025-12-15,Fujairah,VLSFO (0.5% S),671.9
2025-12-15,Fujairah,MGO (Low Sulphur),784.9
2025-12-15,Visakhapatnam,VLSFO (0.5% S),681.9
2025-12-15,Visakhapatnam,MGO (Low Sulphur),796.9
2025-12-22,Singapore,VLSFO (0.5% S),661.3
2025-12-22,Singapore,MGO (Low Sulphur),777.4
2025-12-22,Fujairah,VLSFO (0.5% S),666.3
2025-12-22,Fujairah,MGO (Low Sulphur),783.4
2025-12-22,Visakhapatnam,VLSFO (0.5% S),676.3
2025-12-22,Visakhapatnam,MGO (Low Sulphur),795.4
2025-12-29,Singapore,VLSFO (0.5% S),657.2
2025-12-29,Singapore,MGO (Low Sulphur),774.8
2025-12-29,Fujairah,VLSFO (0.5% S),662.2
2025-12-29,Fujairah,MGO (Low Sulphur),780.8
2025-12-29,Visakhapatnam,VLSFO (0.5% S),672.2
2025-12-29,Visakhapatnam,MGO (Low Sulphur),792.8
2026-01-05,Singapore,VLSFO (0.5% S),656.1
2026-01-05,Singapore,MGO (Low Sulphur),766.9
2026-01-05,Fujairah,VLSFO (0.5% S),661.1
2026-01-05,Fujairah,MGO (Low Sulphur),772.9
2026-01-05,Visakhapatnam,VLSFO (0.5% S),671.1
2026-01-05,Visakhapatnam,MGO (Low Sulphur),784.9
2026-01-12,Singapore,VLSFO (0.5% S),659.0
2026-01-12,Singapore,MGO (Low Sulphur),771.6
2026-01-12,Fujairah,VLSFO (0.5% S),664.0
2026-01-12,Fujairah,MGO (Low Sulphur),777.6
2026-01-12,Visakhapatnam,VLSFO (0.5% S),674.0
2026-01-12,Visakhapatnam,MGO (Low Sulphur),789.6
2026-01-19,Singapore,VLSFO (0.5% S),659.0
2026-01-19,Singapore,MGO (Low Sulphur),770.2
2026-01-19,Fujairah,VLSFO (0.5% S),664.0
2026-01-19,Fujairah,MGO (Low Sulphur),776.2
2026-01-19,Visakhapatnam,VLSFO (0.5% S),674.0
2026-01-19,Visakhapatnam,MGO (Low Sulphur),788.2
2026-01-26,Singapore,VLSFO (0.5% S),662.1
2026-01-26,Singapore,MGO (Low Sulphur),775.7
2026-01-26,Fujairah,VLSFO (0.5% S),667.1
2026-01-26,Fujairah,MGO (Low Sulphur),781.7
2026-01-26,Visakhapatnam,VLSFO (0.5% S),677.1
2026-01-26,Visakhapatnam,MGO (Low Sulphur),793.7
2026-02-02,Singapore,VLSFO (0.5% S),656.9
2026-02-02,Singapore,MGO (Low Sulphur),771.4
2026-02-02,Fujairah,VLSFO (0.5% S),661.9
2026-02-02,Fujairah,MGO (Low Sulphur),777.4
2026-02-02,Visakhapatnam,VLSFO (0.5% S),671.9
2026-02-02,Visakhapatnam,MGO (Low Sulphur),789.4
2026-02-09,Singapore,VLSFO (0.5% S),655.7
2026-02-09,Singapore,MGO (Low Sulphur),774.8
2026-02-09,Fujairah,VLSFO (0.5% S),660.7
2026-02-09,Fujairah,MGO (Low Sulphur),780.8
2026-02-09,Visakhapatnam,VLSFO (0.5% S),670.7
2026-02-09,Visakhapatnam,MGO (Low Sulphur),792.8
2026-02-16,Singapore,VLSFO (0.5% S),659.5
2026-02-16,Singapore,MGO (Low Sulphur),768.8
2026-02-16,Fujairah,VLSFO (0.5% S),664.5
2026-02-16,Fujairah,MGO (Low Sulphur),774.8
2026-02-16,Visakhapatnam,VLSFO (0.5% S),674.5
2026-02-16,Visakhapatnam,MGO (Low Sulphur),786.8
2026-02-23,Singapore,VLSFO (0.5% S),660.2
2026-02-23,Singapore,MGO (Low Sulphur),777.1
2026-02-23,Fujairah,VLSFO (0.5% S),665.2
2026-02-23,Fujairah,MGO (Low Sulphur),783.1
2026-02-23,Visakhapatnam,VLSFO (0.5% S),675.2
2026-02-23,Visakhapatnam,MGO (Low Sulphur),795.1
2026-03-02,Singapore,VLSFO (0.5% S),658.3
2026-03-02,Singapore,MGO (Low Sulphur),774.1
2026-03-02,Fujairah,VLSFO (0.5% S),663.3
2026-03-02,Fujairah,MGO (Low Sulphur),780.1
2026-03-02,Visakhapatnam,VLSFO (0.5% S),673.3
2026-03-02,Visakhapatnam,MGO (Low Sulphur),792.1
2026-03-09,Singapore,VLSFO (0.5% S),653.0
2026-03-09,Singapore,MGO (Low Sulphur),782.6
2026-03-09,Fujairah,VLSFO (0.5% S),658.0
2026-03-09,Fujairah,MGO (Low Sulphur),788.6
2026-03-09,Visakhapatnam,VLSFO (0.5% S),668.0
2026-03-09,Visakhapatnam,MGO (Low Sulphur),800.6
2026-03-16,Singapore,VLSFO (0.5% S),655.1
2026-03-16,Singapore,MGO (Low Sulphur),780.6
2026-03-16,Fujairah,VLSFO (0.5% S),660.1
2026-03-16,Fujairah,MGO (Low Sulphur),786.6
2026-03-16,Visakhapatnam,VLSFO (0.5% S),670.1
2026-03-16,Visakhapatnam,MGO (Low Sulphur),798.6
2026-03-23,Singapore,VLSFO (0.5% S),659.8
2026-03-23,Singapore,MGO (Low Sulphur),778.2
2026-03-23,Fujairah,VLSFO (0.5% S),664.8
2026-03-23,Fujairah,MGO (Low Sulphur),784.2
2026-03-23,Visakhapatnam,VLSFO (0.5% S),674.8
2026-03-23,Visakhapatnam,MGO (Low Sulphur),796.2
2026-03-30,Singapore,VLSFO (0.5% S),664.3
2026-03-30,Singapore,MGO (Low Sulphur),782.7
2026-03-30,Fujairah,VLSFO (0.5% S),669.3
2026-03-30,Fujairah,MGO (Low Sulphur),788.7
2026-03-30,Visakhapatnam,VLSFO (0.5% S),679.3
2026-03-30,Visakhapatnam,MGO (Low Sulphur),800.7
2026-04-06,Singapore,VLSFO (0.5% S),661.9
2026-04-06,Singapore,MGO (Low Sulphur),778.1
2026-04-06,Fujairah,VLSFO (0.5% S),666.9
2026-04-06,Fujairah,MGO (Low Sulphur),784.1
2026-04-06,Visakhapatnam,VLSFO (0.5% S),676.9
2026-04-06,Visakhapatnam,MGO (Low Sulphur),796.1
2026-04-13,Singapore,VLSFO (0.5% S),662.9
2026-04-13,Singapore,MGO (Low Sulphur),786.1
2026-04-13,Fujairah,VLSFO (0.5% S),667.9
2026-04-13,Fujairah,MGO (Low Sulphur),792.1
2026-04-13,Visakhapatnam,VLSFO (0.5% S),677.9
2026-04-13,Visakhapatnam,MGO (Low Sulphur),804.1
2026-04-20,Singapore,VLSFO (0.5% S),665.1
2026-04-20,Singapore,MGO (Low Sulphur),783.0
2026-04-20,Fujairah,VLSFO (0.5% S),670.1
2026-04-20,Fujairah,MGO (Low Sulphur),789.0
2026-04-20,Visakhapatnam,VLSFO (0.5% S),680.1
2026-04-20,Visakhapatnam,MGO (Low Sulphur),801.0
2026-04-27,Singapore,VLSFO (0.5% S),664.0
2026-04-27,Singapore,MGO (Low Sulphur),776.8
2026-04-27,Fujairah,VLSFO (0.5% S),669.0
2026-04-27,Fujairah,MGO (Low Sulphur),782.8
2026-04-27,Visakhapatnam,VLSFO (0.5% S),679.0
2026-04-27,Visakhapatnam,MGO (Low Sulphur),794.8
2026-05-04,Singapore,VLSFO (0.5% S),666.6
2026-05-04,Singapore,MGO (Low Sulphur),776.8
2026-05-04,Fujairah,VLSFO (0.5% S),671.6
2026-05-04,Fujairah,MGO (Low Sulphur),782.8
2026-05-04,Visakhapatnam,VLSFO (0.5% S),681.6
2026-05-04,Visakhapatnam,MGO (Low Sulphur),794.8
2026-05-11,Singapore,VLSFO (0.5% S),671.7
2026-05-11,Singapore,MGO (Low Sulphur),776.0
2026-05-11,Fujairah,VLSFO (0.5% S),676.7
2026-05-11,Fujairah,MGO (Low Sulphur),782.0
2026-05-11,Visakhapatnam,VLSFO (0.5% S),686.7
2026-05-11,Visakhapatnam,MGO (Low Sulphur),794.0
2026-05-18,Singapore,VLSFO (0.5% S),668.0
2026-05-18,Singapore,MGO (Low Sulphur),768.6
2026-05-18,Fujairah,VLSFO (0.5% S),673.0
2026-05-18,Fujairah,MGO (Low Sulphur),774.6
2026-05-18,Visakhapatnam,VLSFO (0.5% S),683.0
2026-05-18,Visakhapatnam,MGO (Low Sulphur),786.6
2026-05-25,Singapore,VLSFO (0.5% S),662.4
2026-05-25,Singapore,MGO (Low Sulphur),777.0
2026-05-25,Fujairah,VLSFO (0.5% S),667.4
2026-05-25,Fujairah,MGO (Low Sulphur),783.0
2026-05-25,Visakhapatnam,VLSFO (0.5% S),677.4
2026-05-25,Visakhapatnam,MGO (Low Sulphur),795.0
2026-06-01,Singapore,VLSFO (0.5% S),659.3
2026-06-01,Singapore,MGO (Low Sulphur),775.5
2026-06-01,Fujairah,VLSFO (0.5% S),664.3
2026-06-01,Fujairah,MGO (Low Sulphur),781.5
2026-06-01,Visakhapatnam,VLSFO (0.5% S),674.3
2026-06-01,Visakhapatnam,MGO (Low Sulphur),793.5
2026-06-08,Singapore,VLSFO (0.5% S),663.2
2026-06-08,Singapore,MGO (Low Sulphur),778.1
2026-06-08,Fujairah,VLSFO (0.5% S),668.2
2026-06-08,Fujairah,MGO (Low Sulphur),784.1
2026-06-08,Visakhapatnam,VLSFO (0.5% S),678.2
2026-06-08,Visakhapatnam,MGO (Low Sulphur),796.1
2026-06-15,Singapore,VLSFO (0.5% S),663.5
2026-06-15,Singapore,MGO (Low Sulphur),786.0
2026-06-15,Fujairah,VLSFO (0.5% S),668.5
2026-06-15,Fujairah,MGO (Low Sulphur),792.0
2026-06-15,Visakhapatnam,VLSFO (0.5% S),678.5
2026-06-15,Visakhapatnam,MGO (Low Sulphur),804.0
2026-06-22,Singapore,VLSFO (0.5% S),667.6
2026-06-22,Singapore,MGO (Low Sulphur),793.9
2026-06-22,Fujairah,VLSFO (0.5% S),672.6
2026-06-22,Fujairah,MGO (Low Sulphur),799.9
2026-06-22,Visakhapatnam,VLSFO (0.5% S),682.6
2026-06-22,Visakhapatnam,MGO (Low Sulphur),811.9
2026-06-29,Singapore,VLSFO (0.5% S),661.8
2026-06-29,Singapore,MGO (Low Sulphur),791.5
2026-06-29,Fujairah,VLSFO (0.5% S),666.8
2026-06-29,Fujairah,MGO (Low Sulphur),797.5
2026-06-29,Visakhapatnam,VLSFO (0.5% S),676.8
2026-06-29,Visakhapatnam,MGO (Low Sulphur),809.5
2026-07-06,Singapore,VLSFO (0.5% S),660.1
2026-07-06,Singapore,MGO (Low Sulphur),795.4
2026-07-06,Fujairah,VLSFO (0.5% S),665.1
2026-07-06,Fujairah,MGO (Low Sulphur),801.4
2026-07-06,Visakhapatnam,VLSFO (0.5% S),675.1
2026-07-06,Visakhapatnam,MGO (Low Sulphur),813.4
2026-07-13,Singapore,VLSFO (0.5% S),659.1
2026-07-13,Singapore,MGO (Low Sulphur),790.9
2026-07-13,Fujairah,VLSFO (0.5% S),664.1
2026-07-13,Fujairah,MGO (Low Sulphur),796.9
2026-07-13,Visakhapatnam,VLSFO (0.5% S),674.1
2026-07-13,Visakhapatnam,MGO (Low Sulphur),808.9
2026-07-20,Singapore,VLSFO (0.5% S),661.3
2026-07-20,Singapore,MGO (Low Sulphur),791.6
2026-07-20,Fujairah,VLSFO (0.5% S),666.3
2026-07-20,Fujairah,MGO (Low Sulphur),797.6
2026-07-20,Visakhapatnam,VLSFO (0.5% S),676.3
2026-07-20,Visakhapatnam,MGO (Low Sulphur),809.6
2026-07-27,Singapore,VLSFO (0.5% S),667.1
2026-07-27,Singapore,MGO (Low Sulphur),797.9
2026-07-27,Fujairah,VLSFO (0.5% S),672.1
2026-07-27,Fujairah,MGO (Low Sulphur),803.9
2026-07-27,Visakhapatnam,VLSFO (0.5% S),682.1
2026-07-27,Visakhapatnam,MGO (Low Sulphur),815.9
2026-08-03,Singapore,VLSFO (0.5% S),667.8
2026-08-03,Singapore,MGO (Low Sulphur),802.1
2026-08-03,Fujairah,VLSFO (0.5% S),672.8
2026-08-03,Fujairah,MGO (Low Sulphur),808.1
2026-08-03,Visakhapatnam,VLSFO (0.5% S),682.8
2026-08-03,Visakhapatnam,MGO (Low Sulphur),820.1
2026-08-10,Singapore,VLSFO (0.5% S),664.7
2026-08-10,Singapore,MGO (Low Sulphur),795.3
2026-08-10,Fujairah,VLSFO (0.5% S),669.7
2026-08-10,Fujairah,MGO (Low Sulphur),801.3
2026-08-10,Visakhapatnam,VLSFO (0.5% S),679.7
2026-08-10,Visakhapatnam,MGO (Low Sulphur),813.3
2026-08-17,Singapore,VLSFO (0.5% S),667.9
2026-08-17,Singapore,MGO (Low Sulphur),795.4
2026-08-17,Fujairah,VLSFO (0.5% S),672.9
2026-08-17,Fujairah,MGO (Low Sulphur),801.4
2026-08-17,Visakhapatnam,VLSFO (0.5% S),682.9
2026-08-17,Visakhapatnam,MGO (Low Sulphur),813.4
2026-08-24,Singapore,VLSFO (0.5% S),662.1
2026-08-24,Singapore,MGO (Low Sulphur),802.4
2026-08-24,Fujairah,VLSFO (0.5% S),667.1
2026-08-24,Fujairah,MGO (Low Sulphur),808.4
2026-08-24,Visakhapatnam,VLSFO (0.5% S),677.1
2026-08-24,Visakhapatnam,MGO (Low Sulphur),820.4
2026-08-31,Singapore,VLSFO (0.5% S),663.8
2026-08-31,Singapore,MGO (Low Sulphur),798.4
2026-08-31,Fujairah,VLSFO (0.5% S),668.8
2026-08-31,Fujairah,MGO (Low Sulphur),804.4
2026-08-31,Visakhapatnam,VLSFO (0.5% S),678.8
2026-08-31,Visakhapatnam,MGO (Low Sulphur),816.4
