date,steel_production_index,global_bulk_demand_index,crude_oil_brent_usd
2024-01-01,105.3,110.7,78.85
2024-01-08,105.9,110.1,79.7
2024-01-15,106.1,109.4,79.0
2024-01-22,106.6,109.4,78.1
2024-01-29,106.3,110.1,77.44
2024-02-05,105.7,109.8,78.13
2024-02-12,105.1,109.5,78.39
2024-02-19,105.4,109.3,77.58
2024-02-26,104.6,110.0,78.15
2024-03-04,105.0,110.5,78.14
2024-03-11,104.7,110.5,77.54
2024-03-18,104.9,110.9,77.87
2024-03-25,104.6,110.8,78.06
2024-04-01,105.4,111.0,79.02
2024-04-08,105.4,111.3,78.34
2024-04-15,104.9,111.8,79.42
2024-04-22,105.7,111.2,79.13
2024-04-29,105.9,111.8,79.06
2024-05-06,106.0,111.4,77.93
2024-05-13,105.6,111.3,78.18
2024-05-20,106.3,111.0,77.26
2024-05-27,106.2,110.6,78.28
2024-06-03,105.5,110.5,77.63
2024-06-10,105.4,110.5,76.91
2024-06-17,105.1,109.9,77.13
2024-06-24,105.1,109.8,77.83
2024-07-01,104.6,110.3,79.02
2024-07-08,104.7,109.9,78.84
2024-07-15,104.3,110.0,78.8
2024-07-22,105.0,109.6,78.69
2024-07-29,105.8,110.3,79.73
2024-08-05,106.7,110.7,79.79
2024-08-12,107.3,111.0,78.84
2024-08-19,107.7,111.4,78.65
2024-08-26,107.4,112.2,77.49
2024-09-02,107.3,112.3,77.75
2024-09-09,106.8,112.7,77.02
2024-09-16,107.2,112.0,77.38
2024-09-23,107.3,111.7,78.07
2024-09-30,107.4,111.4,78.58
2024-10-07,108.2,111.4,79.65
2024-10-14,108.1,111.4,78.56
2024-10-21,108.5,111.6,79.29
2024-10-28,108.6,111.8,79.93
2024-11-04,109.0,112.3,80.63
2024-11-11,109.0,112.2,79.57
2024-11-18,109.1,112.7,79.55
2024-11-25,109.8,112.7,79.27
2024-12-02,110.7,113.3,78.54
2024-12-09,110.6,112.9,79.73
2024-12-16,109.9,112.4,78.91
2024-12-23,109.2,112.4,79.42
2024-12-30,109.1,112.8,78.27
2025-01-06,109.7,113.3,78.37
2025-01-13,110.0,113.8,78.38
2025-01-20,110.1,113.8,78.6
2025-01-27,110.7,113.4,78.33
2025-02-03,110.1,113.2,79.52
2025-02-10,110.2,112.7,78.76
2025-02-17,110.8,112.3,77.85
2025-02-24,110.7,112.1,77.17
2025-03-03,111.6,111.6,77.09
2025-03-10,111.0,111.0,78.21
2025-03-17,111.8,110.5,79.44
2025-03-24,112.1,110.3,80.48
2025-03-31,112.9,110.6,81.28
2025-04-07,112.7,110.0,81.28
2025-04-14,112.1,109.4,81.62
2025-04-21,111.9,109.6,80.91
2025-04-28,112.4,109.2,79.92
2025-05-05,113.2,109.9,79.7
2025-05-12,113.3,109.3,80.17
2025-05-19,113.2,109.2,79.0
2025-05-26,113.2,109.3,78.34
2025-06-02,113.1,109.3,77.55
2025-06-09,113.5,109.2,78.44
2025-06-16,113.2,110.0,78.55
2025-06-23,113.4,109.9,77.37
2025-06-30,112.9,109.9,77.59
2025-07-07,113.5,109.6,77.61
2025-07-14,113.7,109.6,78.26
2025-07-21,113.2,109.4,78.66
2025-07-28,113.5,109.1,77.91
2025-08-04,112.8,109.6,77.95
2025-08-11,112.6,109.6,77.84
2025-08-18,113.5,110.1,77.57
2025-08-25,113.1,110.3,76.73
2025-09-01,112.9,109.7,76.44
2025-09-08,112.2,109.4,76.83
2025-09-15,112.4,109.9,77.13
2025-09-22,112.2,110.4,77.93
2025-09-29,112.0,110.5,77.61
2025-10-06,111.7,111.0,77.44
2025-10-13,111.3,111.0,78.32
2025-10-20,111.6,111.8,79.23
2025-10-27,112.2,111.7,80.32
2025-11-03,111.4,111.5,80.85
2025-11-10,112.3,111.6,82.08
2025-11-17,112.8,111.1,81.2
2025-11-24,112.5,110.7,82.45
2025-12-01,111.9,110.0,82.46
2025-12-08,111.1,110.3,82.75
2025-12-15,110.4,110.1,81.57
2025-12-22,110.6,110.3,80.87
2025-12-29,110.1,110.7,80.36
2026-01-05,110.7,111.1,80.7
2026-01-12,111.3,111.6,80.82
2026-01-19,110.8,112.0,79.63
2026-01-26,111.6,112.6,79.62
2026-02-02,111.9,112.1,80.5
2026-02-09,112.0,112.0,81.21
2026-02-16,112.1,112.0,80.91
2026-02-23,111.4,112.1,80.67
2026-03-02,111.8,112.6,80.04
2026-03-09,111.7,113.2,81.07
2026-03-16,111.5,112.5,81.56
2026-03-23,111.6,112.8,80.66
2026-03-30,112.5,113.2,81.69
2026-04-06,112.0,112.8,82.6
2026-04-13,112.0,112.9,83.31
2026-04-20,112.4,113.4,84.47
2026-04-27,113.3,114.2,84.55
2026-05-04,112.7,114.2,83.92
2026-05-11,113.1,114.8,83.97
2026-05-18,113.3,114.5,83.53
2026-05-25,113.7,114.6,83.56
2026-06-01,113.7,114.7,83.71
2026-06-08,112.9,115.1,84.99
2026-06-15,112.9,115.7,84.9
2026-06-22,113.2,116.2,85.91
2026-06-29,113.0,116.1,86.62
2026-07-06,113.1,116.2,86.59
2026-07-13,112.4,115.9,86.87
2026-07-20,112.9,115.6,85.82
2026-07-27,112.7,116.1,86.08
2026-08-03,112.6,116.1,87.36
2026-08-10,112.2,115.7,86.94
2026-08-17,112.9,115.2,86.17
2026-08-24,113.2,115.1,86.25
2026-08-31,113.2,114.4,85.85
