date,port,wind_speed_knots,wave_height_m,storm_probability_pct,monsoon_severity_index,weather_risk_score
2025-01-01,Visakhapatnam,12.5,1.69,19.7,23.7,28.5
2025-01-01,Paradip,16.1,1.86,17.1,21.1,30.3
2025-01-01,Haldia,16.6,1.24,17.0,24.8,24.2
2025-01-01,Dhamra,12.7,1.01,11.3,12.7,18.4
2025-01-01,Port Hedland,16.9,1.76,13.0,16.3,27.9
2025-01-01,Newcastle,12.9,1.3,17.9,11.0,24.0
2025-01-15,Visakhapatnam,9.0,1.2,8.2,15.1,18.0
2025-01-15,Paradip,16.4,1.12,16.2,15.2,22.6
2025-01-15,Haldia,11.6,1.67,17.2,16.9,27.1
2025-01-15,Dhamra,12.1,1.42,15.2,22.1,23.9
2025-01-15,Port Hedland,13.8,1.78,13.1,29.6,27.2
2025-01-15,Newcastle,10.8,1.39,12.7,25.5,22.2
2025-01-29,Visakhapatnam,12.5,1.09,14.2,19.3,20.3
2025-01-29,Paradip,17.6,2.04,14.6,28.6,31.5
2025-01-29,Haldia,12.2,1.73,11.1,28.1,25.4
2025-01-29,Dhamra,8.8,1.41,9.7,23.1,20.6
2025-01-29,Port Hedland,15.1,1.73,10.9,27.8,26.2
2025-01-29,Newcastle,15.8,2.13,16.2,20.4,32.5
2025-02-12,Visakhapatnam,12.5,1.2,17.8,12.5,22.9
2025-02-12,Paradip,10.3,1.3,16.2,25.0,22.6
2025-02-12,Haldia,10.1,1.48,6.4,28.7,20.4
2025-02-12,Dhamra,12.7,1.06,16.6,20.5,21.1
2025-02-12,Port Hedland,18.0,1.12,14.3,11.7,22.3
2025-02-12,Newcastle,17.3,1.47,8.4,24.8,23.2
2025-02-26,Visakhapatnam,12.4,1.15,12.9,13.4,20.4
2025-02-26,Paradip,8.4,1.43,18.7,27.3,24.3
2025-02-26,Haldia,12.7,2.05,19.0,21.0,31.9
2025-02-26,Dhamra,9.4,2.14,13.1,21.8,29.5
2025-02-26,Port Hedland,12.6,1.9,18.2,18.7,30.1
2025-02-26,Newcastle,14.4,1.64,18.6,19.6,28.2
2025-03-12,Visakhapatnam,10.3,1.11,9.6,18.2,18.0
2025-03-12,Paradip,9.6,1.01,12.8,25.2,18.1
2025-03-12,Haldia,9.4,1.34,13.0,23.8,21.4
2025-03-12,Dhamra,12.9,1.91,9.5,25.3,26.8
2025-03-12,Port Hedland,16.0,1.72,17.0,21.0,28.8
2025-03-12,Newcastle,9.9,2.06,11.6,15.0,28.2
2025-03-26,Visakhapatnam,15.1,1.78,17.4,14.4,29.3
2025-03-26,Paradip,8.8,1.75,12.7,26.0,25.2
2025-03-26,Haldia,14.1,1.83,9.1,23.0,26.2
2025-03-26,Dhamra,13.3,1.32,7.8,11.4,20.3
2025-03-26,Port Hedland,9.4,1.13,11.8,19.1,18.8
2025-03-26,Newcastle,15.0,1.59,9.8,13.0,24.3
2025-04-09,Visakhapatnam,17.7,1.03,19.6,15.6,23.4
2025-04-09,Paradip,9.3,1.53,5.1,11.8,20.1
2025-04-09,Haldia,8.1,1.26,11.3,25.7,19.6
2025-04-09,Dhamra,13.0,1.45,15.5,10.6,24.6
2025-04-09,Port Hedland,8.8,1.9,7.2,15.3,24.5
2025-04-09,Newcastle,11.9,1.65,7.7,27.9,23.1
2025-04-23,Visakhapatnam,10.5,1.46,5.2,29.5,19.8
2025-04-23,Paradip,15.1,1.46,19.6,14.9,27.0
2025-04-23,Haldia,17.9,1.24,16.0,11.9,24.2
2025-04-23,Dhamra,14.7,1.25,10.8,29.2,21.2
2025-04-23,Port Hedland,17.4,1.19,15.9,24.9,23.5
2025-04-23,Newcastle,13.5,1.15,12.2,16.0,20.4
2025-05-07,Visakhapatnam,11.6,1.06,15.0,29.5,20.1
2025-05-07,Paradip,10.4,1.52,5.2,25.9,20.4
2025-05-07,Haldia,13.8,1.47,8.6,29.4,22.3
2025-05-07,Dhamra,13.8,1.83,15.3,13.1,28.6
2025-05-07,Port Hedland,15.7,1.3,12.5,23.7,22.7
2025-05-07,Newcastle,11.4,2.16,16.4,11.2,31.6
2025-05-21,Visakhapatnam,11.6,1.18,13.0,12.1,20.5
2025-05-21,Paradip,12.9,1.38,13.4,22.9,23.0
2025-05-21,Haldia,11.5,2.07,16.0,10.4,30.5
2025-05-21,Dhamra,11.8,1.87,8.8,10.8,25.8
2025-05-21,Port Hedland,15.1,1.67,13.1,19.8,26.5
2025-05-21,Newcastle,13.7,1.65,9.9,19.4,24.6
2025-06-04,Visakhapatnam,35.4,3.88,59.4,65.6,73.2
2025-06-04,Paradip,28.6,3.53,57.8,79.0,67.0
2025-06-04,Haldia,27.1,4.28,45.2,85.7,69.0
2025-06-04,Dhamra,35.7,3.93,39.6,81.7,65.9
2025-06-04,Port Hedland,11.2,1.08,19.5,26.4,22.0
2025-06-04,Newcastle,9.9,1.82,16.5,13.1,27.8
2025-06-18,Visakhapatnam,23.7,3.44,37.9,63.4,56.7
2025-06-18,Paradip,31.2,2.6,62.5,66.3,60.4
2025-06-18,Haldia,18.6,2.75,32.7,61.1,46.2
2025-06-18,Dhamra,30.8,3.39,44.6,81.8,61.0
2025-06-18,Port Hedland,13.9,1.06,8.3,24.4,18.1
2025-06-18,Newcastle,8.1,2.11,14.8,28.6,29.4
2025-07-02,Visakhapatnam,34.6,3.58,50.6,72.6,66.4
2025-07-02,Paradip,32.9,4.55,57.9,87.8,78.5
2025-07-02,Haldia,19.2,3.92,46.2,85.7,63.4
2025-07-02,Dhamra,34.7,2.68,33.6,78.2,50.7
2025-07-02,Port Hedland,9.0,1.28,10.8,13.9,19.8
2025-07-02,Newcastle,14.6,1.68,19.2,21.2,28.9
2025-07-16,Visakhapatnam,29.2,4.22,55.7,80.2,73.2
2025-07-16,Paradip,31.5,4.12,42.1,63.6,67.5
2025-07-16,Haldia,33.8,3.76,45.2,83.0,65.8
2025-07-16,Dhamra,28.7,3.88,62.3,91.6,72.3
2025-07-16,Port Hedland,13.5,2.2,17.7,18.2,33.1
2025-07-16,Newcastle,14.3,1.99,9.9,14.8,28.1
2025-07-30,Visakhapatnam,28.9,3.36,47.0,86.1,61.1
2025-07-30,Paradip,25.2,3.54,63.4,60.0,68.3
2025-07-30,Haldia,18.7,3.15,25.7,64.7,47.4
2025-07-30,Dhamra,35.8,2.52,64.4,67.5,61.7
2025-07-30,Port Hedland,11.1,1.93,19.2,26.4,30.3
2025-07-30,Newcastle,17.2,1.61,13.6,21.4,26.7
2025-08-13,Visakhapatnam,19.9,3.56,31.2,69.3,54.0
2025-08-13,Paradip,35.8,3.07,35.2,70.5,55.5
2025-08-13,Haldia,29.4,3.81,33.7,62.7,60.4
2025-08-13,Dhamra,24.5,3.61,44.5,91.5,61.2
2025-08-13,Port Hedland,15.0,1.98,6.4,22.8,26.9
2025-08-13,Newcastle,8.4,1.97,10.7,25.6,26.5
2025-08-27,Visakhapatnam,36.4,3.27,60.2,75.2,67.7
2025-08-27,Paradip,36.6,2.78,55.8,86.2,61.1
2025-08-27,Haldia,35.0,4.64,50.4,82.1,77.1
2025-08-27,Dhamra,19.1,3.71,37.8,79.8,57.9
2025-08-27,Port Hedland,11.3,1.84,7.3,23.5,24.7
2025-08-27,Newcastle,18.0,2.17,16.3,21.5,33.6
2025-09-10,Visakhapatnam,19.8,3.49,56.5,65.2,63.4
2025-09-10,Paradip,24.7,3.59,54.8,79.2,65.2
2025-09-10,Haldia,23.3,3.42,42.4,84.4,58.2
2025-09-10,Dhamra,33.2,3.61,32.9,73.8,59.2
2025-09-10,Port Hedland,13.7,1.67,20.0,20.5,28.8
2025-09-10,Newcastle,10.4,1.32,11.5,23.7,20.9
2025-09-24,Visakhapatnam,29.5,2.76,41.5,72.8,53.0
2025-09-24,Paradip,21.8,3.29,51.2,86.9,59.9
2025-09-24,Haldia,21.4,3.3,57.9,88.1,62.6
2025-09-24,Dhamra,30.5,3.51,62.0,68.2,69.0
2025-09-24,Port Hedland,14.9,1.19,15.9,11.7,22.7
2025-09-24,Newcastle,15.4,1.29,14.3,13.0,23.2
2025-10-08,Visakhapatnam,16.3,1.35,10.1,26.1,22.4
2025-10-08,Paradip,11.1,1.57,10.0,24.8,23.0
2025-10-08,Haldia,10.1,1.66,16.3,21.0,26.1
2025-10-08,Dhamra,14.2,2.19,15.4,23.4,32.3
2025-10-08,Port Hedland,11.8,2.09,12.9,15.1,29.6
2025-10-08,Newcastle,8.6,1.24,15.4,15.4,21.1
2025-10-22,Visakhapatnam,12.6,2.13,6.0,23.2,27.5
2025-10-22,Paradip,14.6,2.1,10.4,12.2,29.5
2025-10-22,Haldia,10.9,2.06,10.8,29.6,28.2
2025-10-22,Dhamra,13.1,1.85,18.6,19.7,29.9
2025-10-22,Port Hedland,14.0,1.11,8.0,29.3,18.5
2025-10-22,Newcastle,13.6,1.85,5.6,28.4,24.8
2025-11-05,Visakhapatnam,11.0,1.59,16.2,10.4,25.7
2025-11-05,Paradip,14.8,1.43,9.5,29.9,22.5
2025-11-05,Haldia,17.8,1.33,5.9,15.2,21.0
2025-11-05,Dhamra,11.9,2.2,19.9,28.9,33.5
2025-11-05,Port Hedland,17.5,1.27,10.1,17.9,22.0
2025-11-05,Newcastle,9.4,1.88,12.8,23.6,26.7
2025-11-19,Visakhapatnam,16.7,1.82,11.3,21.5,27.7
2025-11-19,Paradip,12.3,1.37,14.1,19.0,23.0
2025-11-19,Haldia,9.3,1.78,13.7,23.7,26.1
2025-11-19,Dhamra,10.0,1.17,15.3,28.0,20.8
2025-11-19,Port Hedland,17.1,1.52,18.6,25.4,27.8
2025-11-19,Newcastle,14.6,1.68,7.4,11.4,24.1
2025-12-03,Visakhapatnam,13.3,1.86,7.8,26.8,25.7
2025-12-03,Paradip,9.5,1.04,9.8,29.5,17.2
2025-12-03,Haldia,17.6,1.36,16.2,26.4,25.4
2025-12-03,Dhamra,14.4,1.89,7.3,13.8,26.1
2025-12-03,Port Hedland,9.3,1.03,19.8,22.3,21.0
2025-12-03,Newcastle,14.1,1.73,13.9,14.6,27.1
2025-12-17,Visakhapatnam,8.3,1.1,16.7,12.7,20.2
2025-12-17,Paradip,16.5,1.56,14.7,13.7,26.4
2025-12-17,Haldia,11.9,1.57,7.5,14.5,22.3
2025-12-17,Dhamra,12.1,2.16,18.9,29.0,32.8
2025-12-17,Port Hedland,10.2,1.81,8.0,14.1,24.4
2025-12-17,Newcastle,9.8,2.15,11.6,22.3,29.1
2025-12-31,Visakhapatnam,14.9,2.04,18.3,18.6,32.2
2025-12-31,Paradip,15.8,1.73,17.4,24.4,29.0
2025-12-31,Haldia,11.9,2.13,13.6,20.7,30.3
2025-12-31,Dhamra,14.4,1.84,5.6,12.2,25.0
2025-12-31,Port Hedland,12.6,2.05,18.2,14.9,31.6
2025-12-31,Newcastle,13.4,2.18,5.6,17.7,28.1
2026-01-14,Visakhapatnam,15.7,2.16,7.8,18.8,29.4
2026-01-14,Paradip,16.8,1.93,9.3,13.3,28.1
2026-01-14,Haldia,10.9,2.1,15.3,28.1,30.4
2026-01-14,Dhamra,12.6,1.78,6.4,20.0,24.1
2026-01-14,Port Hedland,9.8,1.7,18.4,20.9,27.3
2026-01-14,Newcastle,11.9,1.39,5.4,19.1,19.6
2026-01-28,Visakhapatnam,17.0,2.07,18.2,11.8,33.1
2026-01-28,Paradip,11.2,1.78,15.7,13.3,27.4
2026-01-28,Haldia,15.3,1.11,15.6,22.7,21.9
2026-01-28,Dhamra,8.9,1.85,15.9,29.5,27.5
2026-01-28,Port Hedland,14.1,1.19,13.3,10.9,21.4
2026-01-28,Newcastle,9.7,1.4,18.1,27.3,24.2
2026-02-11,Visakhapatnam,9.6,1.17,16.5,11.0,21.2
2026-02-11,Paradip,11.1,1.88,19.4,15.8,29.9
2026-02-11,Haldia,9.8,2.08,19.4,10.1,31.5
2026-02-11,Dhamra,15.7,1.01,12.5,20.0,19.8
2026-02-11,Port Hedland,16.1,1.73,12.4,14.3,27.1
2026-02-11,Newcastle,14.6,1.54,11.6,22.0,24.4
2026-02-25,Visakhapatnam,8.1,2.06,9.2,22.6,26.7
2026-02-25,Paradip,16.2,1.25,7.8,11.1,20.5
2026-02-25,Haldia,11.5,1.17,5.5,21.6,17.3
2026-02-25,Dhamra,14.0,1.4,6.3,12.2,20.7
2026-02-25,Port Hedland,17.9,1.19,9.3,23.2,21.0
2026-02-25,Newcastle,15.0,1.69,13.4,29.3,26.8
2026-03-11,Visakhapatnam,15.5,1.43,5.5,25.4,21.1
2026-03-11,Paradip,11.2,2.08,17.3,25.2,31.1
2026-03-11,Haldia,16.4,1.08,12.1,12.4,20.6
2026-03-11,Dhamra,16.6,1.4,11.2,14.2,23.5
2026-03-11,Port Hedland,10.1,1.07,13.6,29.6,19.2
2026-03-11,Newcastle,13.3,1.11,15.9,22.1,21.5
2026-03-25,Visakhapatnam,15.9,1.85,11.4,27.0,27.8
2026-03-25,Paradip,10.6,1.69,14.3,28.5,25.8
2026-03-25,Haldia,14.1,1.6,15.9,20.0,26.6
2026-03-25,Dhamra,16.1,2.06,8.5,15.8,28.8
2026-03-25,Port Hedland,9.9,1.14,12.0,25.9,19.2
2026-03-25,Newcastle,15.4,1.25,14.2,18.3,22.8
2026-04-08,Visakhapatnam,8.5,1.42,17.1,14.2,23.6
2026-04-08,Paradip,14.4,1.83,8.8,11.4,26.1
2026-04-08,Haldia,11.0,1.66,16.5,12.3,26.5
2026-04-08,Dhamra,11.3,1.48,13.5,29.2,23.6
2026-04-08,Port Hedland,16.3,1.23,17.5,28.4,24.2
2026-04-08,Newcastle,12.8,1.57,5.5,12.7,21.7
2026-04-22,Visakhapatnam,9.6,1.55,18.0,27.9,25.6
2026-04-22,Paradip,12.6,1.98,18.9,11.1,31.1
2026-04-22,Haldia,13.2,1.68,15.2,21.1,26.8
2026-04-22,Dhamra,8.2,1.69,10.0,28.3,23.4
2026-04-22,Port Hedland,16.0,1.08,7.2,26.8,18.5
2026-04-22,Newcastle,11.4,1.45,13.0,13.3,23.1
2026-05-06,Visakhapatnam,14.1,1.22,6.8,25.6,19.1
2026-05-06,Paradip,11.1,2.03,15.6,15.4,29.9
2026-05-06,Haldia,8.9,2.05,10.6,26.6,27.4
2026-05-06,Dhamra,11.0,1.63,7.6,17.5,22.6
2026-05-06,Port Hedland,8.4,1.24,6.4,20.1,17.5
2026-05-06,Newcastle,16.0,2.09,7.3,16.8,28.6
2026-05-20,Visakhapatnam,12.8,2.05,9.7,16.5,28.2
2026-05-20,Paradip,15.7,1.12,19.7,20.3,23.8
2026-05-20,Haldia,17.9,1.25,5.5,17.8,20.1
2026-05-20,Dhamra,16.6,1.14,9.7,10.9,20.3
2026-05-20,Port Hedland,16.5,2.05,10.0,27.8,29.4
2026-05-20,Newcastle,9.0,1.92,16.2,10.4,28.4
2026-06-03,Visakhapatnam,33.2,3.97,33.4,67.0,63.0
2026-06-03,Paradip,23.7,3.72,55.9,83.5,66.7
2026-06-03,Haldia,23.5,2.86,29.6,93.5,47.5
2026-06-03,Dhamra,29.2,2.74,46.7,79.2,54.8
2026-06-03,Port Hedland,10.7,2.13,17.1,21.5,31.3
2026-06-03,Newcastle,9.7,1.37,18.4,20.8,24.0
2026-06-17,Visakhapatnam,19.0,2.57,61.1,61.8,55.8
2026-06-17,Paradip,25.7,2.7,40.7,84.7,51.0
2026-06-17,Haldia,35.8,3.95,52.6,75.6,71.3
2026-06-17,Dhamra,25.1,3.26,32.9,86.5,53.3
2026-06-17,Port Hedland,16.1,1.09,18.8,25.3,23.2
2026-06-17,Newcastle,13.7,1.11,17.0,24.0,22.0
2026-07-01,Visakhapatnam,19.9,3.21,50.8,86.8,58.4
2026-07-01,Paradip,27.4,4.68,30.7,91.3,67.3
2026-07-01,Haldia,23.2,3.34,32.3,92.1,53.3
2026-07-01,Dhamra,24.6,4.48,38.0,77.1,67.4
2026-07-01,Port Hedland,8.7,1.14,12.2,26.9,18.9
2026-07-01,Newcastle,10.8,1.42,13.6,20.2,22.9
2026-07-15,Visakhapatnam,26.1,4.14,29.3,79.5,60.9
2026-07-15,Paradip,19.4,3.19,43.4,80.7,55.1
2026-07-15,Haldia,22.8,3.06,31.4,76.9,50.0
2026-07-15,Dhamra,19.3,2.98,52.8,75.1,56.7
2026-07-15,Port Hedland,17.8,1.68,10.1,23.9,26.2
2026-07-15,Newcastle,9.7,1.8,16.1,24.2,27.4
2026-07-29,Visakhapatnam,34.7,2.76,48.8,71.4,57.5
2026-07-29,Paradip,20.0,3.52,37.3,74.2,56.1
2026-07-29,Haldia,30.0,4.08,48.9,88.7,69.4
2026-07-29,Dhamra,24.5,3.98,27.5,67.6,58.1
2026-07-29,Port Hedland,9.4,1.7,16.3,26.2,26.3
2026-07-29,Newcastle,15.6,1.79,11.8,15.8,27.3
2026-08-12,Visakhapatnam,30.3,3.53,33.2,90.7,57.7
2026-08-12,Paradip,24.0,4.33,52.2,92.1,71.4
2026-08-12,Haldia,36.7,4.15,61.6,94.7,77.2
2026-08-12,Dhamra,29.7,3.91,45.4,89.7,66.2
2026-08-12,Port Hedland,16.5,1.07,18.5,29.4,23.1
2026-08-12,Newcastle,8.0,1.67,19.7,12.2,27.0
2026-08-26,Visakhapatnam,23.6,2.57,42.3,80.7,49.7
2026-08-26,Paradip,30.5,4.14,41.2,75.2,67.0
2026-08-26,Haldia,22.2,2.9,30.6,79.4,47.9
2026-08-26,Dhamra,34.9,3.33,41.7,70.1,60.5
2026-08-26,Port Hedland,16.7,1.15,5.2,23.0,18.6
2026-08-26,Newcastle,9.4,2.06,14.9,29.5,29.4
